epoch_time,LH_x,LH_y,LH_z,LK_x,LK_y,LK_z,LA_x,LA_y,LA_z,LT_x,LT_y,LT_z,RH_x,RH_y,RH_z,RK_x,RK_y,RK_z,RA_x,RA_y,RA_z,RT_x,RT_y,RT_z
1686720797.539,-0.1384,-0.03128,2.398,-0.074,0.3677,2.756,-0.01358,0.7324,2.816,0.1483,0.806,2.77,-0.1873,0.0114,2.486,-0.207,0.4773,2.562,-0.3064,0.8804,2.568,-0.2751,0.9385,2.44
1686720797.606,-0.1003,-0.02762,2.312,-0.001148,0.3699,2.748,-0.01354,0.7305,2.809,0.158,0.8174,2.727,-0.1838,0.00826,2.371,-0.2476,0.458,2.486,-0.3047,0.867,2.53,-0.267,0.933,2.44
1686720797.672,-0.09705,-0.01825,2.422,-0.001119,0.3984,2.676,-0.01377,0.749,2.855,0.1554,0.8164,2.732,-0.189,0.0103,2.246,-0.275,0.4634,2.486,-0.3076,0.8613,2.53,-0.286,0.9375,2.486
1686720797.739,-0.09656,-0.01019,2.41,-0.01015,0.4119,2.727,-0.01362,0.7534,2.824,0.1545,0.827,2.719,-0.2246,0.01343,2.361,-0.2905,0.4622,2.48,-0.304,0.8623,2.523,-0.2742,0.938,2.48
1686720797.806,-0.0959,-0.00221,2.395,-0.01602,0.4026,2.703,-0.01358,0.748,2.816,0.1558,0.8306,2.74,-0.2424,0.01617,2.383,-0.2979,0.454,2.451,-0.3083,0.8496,2.535,-0.2764,0.918,2.428
1686720797.873,-0.09717,-0.00218,2.361,-0.02203,0.4185,2.71,-0.01358,0.751,2.816,0.1537,0.8315,2.703,-0.2637,0.01602,2.361,-0.3105,0.453,2.445,-0.3071,0.857,2.549,-0.2898,0.9336,2.428
1686720797.939,-0.0946,-0.00478,2.361,-0.02158,0.404,2.654,-0.0746,0.735,2.777,0.1132,0.8604,2.809,-0.269,0.01573,2.318,-0.3242,0.4634,2.486,-0.3123,0.8315,2.523,-0.2917,0.9316,2.422
1686720798.006,-0.0941,-0.004757,2.35,-0.02734,0.406,2.648,-0.1293,0.7266,2.77,0.02052,0.8813,2.816,-0.2761,0.01556,2.293,-0.3208,0.4492,2.44,-0.3206,0.8403,2.568,-0.2925,0.9336,2.428
1686720798.073,-0.0965,-0.004745,2.344,-0.05884,0.3857,2.498,-0.1868,0.7246,2.764,-0.07336,0.8765,2.732,-0.2944,0.01559,2.297,-0.3264,0.4536,2.463,-0.3174,0.8325,2.543,-0.2917,0.9316,2.422
1686720798.14,-0.1084,-0.00982,2.322,-0.0874,0.3784,2.451,-0.2015,0.6963,2.676,-0.1348,0.8857,2.697,-0.314,0.01303,2.293,-0.3357,0.4512,2.451,-0.3174,0.8184,2.543,-0.2886,0.9385,2.44
1686720798.206,-0.1168,-0.01471,2.287,-0.1141,0.3687,2.389,-0.1887,0.7188,2.662,-0.1335,0.91,2.613,-0.3215,0.002888,2.256,-0.338,0.439,2.428,-0.316,0.814,2.53,-0.283,0.9263,2.416
1686720798.273,-0.1207,-0.01457,2.266,-0.1191,0.402,2.383,-0.1664,0.776,2.588,-0.1169,0.922,2.506,-0.332,0.002914,2.277,-0.344,0.4402,2.434,-0.316,0.817,2.53,-0.287,0.931,2.428
1686720798.34,-0.1284,-0.01677,2.227,-0.11536,0.401,2.361,-0.1498,0.8174,2.549,-0.09235,0.933,2.44,-0.342,-0.00956,2.262,-0.348,0.427,2.404,-0.3145,0.824,2.518,-0.283,0.9263,2.416
1686720798.406,-0.1257,-0.01674,2.223,-0.1099,0.4026,2.355,-0.1389,0.828,2.506,0.184,0.91,2.365,-0.342,-0.00956,2.262,-0.3528,0.436,2.457,-0.3115,0.8296,2.518,-0.2852,0.925,2.41
1686720798.473,-0.126,-0.01186,2.227,-0.1107,0.4236,2.371,-0.1393,0.8413,2.512,0.3105,0.9136,2.506,-0.3445,-0.00956,2.262,-0.3523,0.4285,2.398,-0.3123,0.8315,2.523,-0.2864,0.9287,2.422
1686720798.54,-0.12463,-0.006886,2.203,-0.1078,0.4304,2.365,-0.1376,0.856,2.53,0.3267,0.9106,2.543,-0.3384,-0.006992,2.236,-0.3525,0.4255,2.383,-0.3127,0.84,2.549,-0.287,0.931,2.428
1686720798.606,-0.12463,-0.002033,2.203,-0.1104,0.441,2.365,-0.1345,0.8623,2.523,,,,-0.3354,-0.00449,2.217,-0.3535,0.4263,2.371,-0.312,0.838,2.543,-0.2937,0.9263,2.416
1686720798.673,-0.1236,0.007607,2.184,-0.10864,0.4338,2.328,-0.1345,0.857,2.523,,,,-0.334,-0.002039,2.207,-0.3567,0.4333,2.41,-0.309,0.841,2.543,-0.2942,0.92,2.398
1686720798.74,-0.1244,0.01008,2.197,-0.1104,0.4382,2.365,-0.1333,0.87,2.555,,,,-0.3308,0.0003932,2.203,-0.349,0.4297,2.377,-0.309,0.8438,2.543,-0.291,0.9263,2.416
1686720798.806,-0.118,0.00995,2.17,-0.1107,0.4368,2.371,-0.1261,0.8594,2.523,,,,-0.3306,0.0003955,2.217,-0.3516,0.4329,2.395,-0.3105,0.853,2.555,-0.2864,0.92,2.398
1686720798.873,-0.11346,0.00997,2.176,-0.11017,0.4348,2.361,-0.12305,0.8574,2.518,,,,-0.3296,0.0003974,2.227,-0.3416,0.4294,2.361,-0.307,0.843,2.523,-0.287,0.925,2.404
1686720798.94,-0.1087,0.00997,2.176,-0.1107,0.4368,2.371,-0.1221,0.8643,2.555,,,,-0.3267,0.0003939,2.207,-0.3416,0.4294,2.361,-0.313,0.86,2.574,-0.291,0.9263,2.416
1686720799.007,-0.107,0.01003,2.19,-0.10986,0.4546,2.41,-0.12115,0.861,2.535,,,,-0.3325,0.000401,2.246,-0.34,0.4456,2.404,-0.3115,0.8584,2.562,-0.2932,0.9336,2.434
1686720799.073,-0.1043,0.007607,2.184,-0.10657,0.4385,2.34,-0.1197,0.85,2.506,,,,-0.3218,-0.002039,2.207,-0.3354,0.4368,2.371,-0.3076,0.8477,2.53,-0.287,0.9224,2.404
1686720799.14,-0.1022,0.01003,2.19,-0.1052,0.4434,2.365,-0.12054,0.854,2.523,,,,-0.3254,-0.00206,2.232,-0.3345,0.4355,2.365,-0.313,0.863,2.574,-0.287,0.9224,2.404
1686720799.207,-0.0999,0.005222,2.193,-0.105,0.4348,2.361,-0.1224,0.8667,2.562,,,,-0.323,-0.006977,2.232,-0.3323,0.4275,2.35,-0.3062,0.8438,2.518,-0.287,0.931,2.428
1686720799.273,-0.09686,0.005188,2.18,-0.10376,0.4297,2.334,-0.1197,0.8477,2.506,,,,-0.319,-0.006947,2.223,-0.3303,0.4285,2.355,-0.304,0.8457,2.523,-0.2856,0.9263,2.416
1686720799.34,-0.09796,0.005245,2.203,-0.10236,0.4348,2.361,-0.12085,0.856,2.53,,,,-0.3167,-0.006947,2.223,-0.3335,0.4324,2.377,-0.3032,0.8438,2.518,-0.2903,0.925,2.41
1686720799.407,-0.0931,0.005245,2.203,-0.09906,0.4265,2.344,-0.11804,0.853,2.53,,,,-0.3154,-0.006977,2.232,-0.3247,0.4246,2.334,-0.3025,0.8413,2.512,-0.2944,0.9375,2.445
1686720799.474,-0.0929,0.005234,2.197,-0.0998,0.427,2.361,-0.11835,0.855,2.535,,,,-0.3145,-0.007008,2.242,-0.3271,0.4275,2.35,-0.3064,0.855,2.543,-0.2898,0.9336,2.428
1686720799.54,-0.0901,0.005215,2.19,-0.09863,0.422,2.334,-0.11804,0.8506,2.53,,,,-0.312,-0.007008,2.242,-0.3372,0.4407,2.422,-0.3018,0.842,2.506,-0.2878,0.925,2.41
1686720799.607,-0.0878,0.005222,2.193,-0.09906,0.4238,2.344,-0.11865,0.855,2.543,,,,-0.308,-0.006977,2.232,-0.3271,0.4302,2.35,-0.3054,0.8525,2.535,-0.2913,0.9355,2.44
1686720799.674,-0.08563,0.005234,2.197,-0.09625,0.4204,2.34,-0.11896,0.854,2.549,,,,-0.3037,-0.00693,2.217,-0.3286,0.4348,2.361,-0.3071,0.854,2.549,-0.2883,0.9263,2.416
1686720799.741,-0.0829,0.005215,2.19,-0.09564,0.4175,2.322,-0.1172,0.8413,2.512,,,,-0.302,-0.006947,2.223,-0.3306,0.4407,2.395,-0.3025,0.8413,2.512,-0.2925,0.928,2.428
1686720799.808,-0.0832,0.005234,2.197,-0.09564,0.415,2.322,-0.11926,0.853,2.555,,,,-0.3032,-0.006977,2.232,-0.3267,0.4355,2.365,-0.3071,0.854,2.549,-0.2898,0.9224,2.404
1686720799.874,-0.0832,0.005234,2.197,-0.09436,0.418,2.355,-0.11804,0.842,2.53,,,,-0.3047,-0.007008,2.242,-0.329,0.436,2.383,-0.3005,0.8438,2.518,-0.2883,0.9263,2.416
1686720799.941,-0.0836,0.005257,2.207,-0.09436,0.418,2.355,-0.11804,0.842,2.53,,,,-0.302,-0.006947,2.223,-0.3271,0.4343,2.389,-0.3042,0.851,2.549,-0.291,0.9263,2.416
1686720800.007,-0.0836,0.005257,2.207,-0.0941,0.4172,2.35,-0.1175,0.8354,2.518,,,,-0.298,-0.006916,2.213,-0.328,0.4382,2.395,-0.302,0.8447,2.53,-0.2944,0.9375,2.445
1686720800.074,-0.0812,0.005257,2.207,-0.0941,0.4224,2.35,-0.11664,0.8315,2.498,,,,-0.3,-0.00696,2.227,-0.3257,0.4377,2.377,-0.3042,0.854,2.549,-0.2952,0.931,2.428
1686720800.141,-0.0806,0.005222,2.193,-0.09174,0.4233,2.355,-0.11835,0.844,2.535,,,,-0.3027,-0.007023,2.246,-0.325,0.4368,2.371,-0.3013,0.8457,2.523,-0.2925,0.9204,2.428
1686720800.208,-0.0808,0.007656,2.197,-0.0911,0.4204,2.34,-0.11835,0.8413,2.535,,,,-0.2996,-0.00454,2.242,-0.3264,0.4387,2.383,-0.3035,0.852,2.543,-0.285,0.855,2.344
1686720800.274,-0.0808,0.007656,2.197,-0.09216,0.4277,2.365,-0.1175,0.8354,2.518,,,,-0.2996,-0.00454,2.242,-0.325,0.4368,2.371,-0.3042,0.854,2.549,-0.2983,0.8687,2.41
1686720800.341,-0.0812,0.00769,2.207,-0.0911,0.4229,2.34,-0.11865,0.8438,2.543,,,,-0.2964,-0.00449,2.217,-0.3293,0.4456,2.404,-0.3035,0.852,2.543,-0.3018,0.7754,2.277
1686720800.408,-0.0806,0.007637,2.193,-0.0907,0.421,2.328,-0.1169,0.831,2.506,,,,-0.2976,-0.00451,2.227,-0.3223,0.4368,2.371,-0.3027,0.8467,2.535,-0.3035,0.7534,2.271
1686720800.475,-0.0812,0.00769,2.207,-0.0911,0.4229,2.34,-0.1178,0.8374,2.523,,,,-0.3,-0.00451,2.227,-0.3252,0.4407,2.395,-0.3027,0.8467,2.535,-0.3083,0.7627,2.307
1686720800.541,-0.08374,0.007706,2.213,-0.09033,0.4192,2.318,-0.1178,0.8374,2.523,,,,-0.3,-0.00451,2.227,-0.3237,0.4387,2.383,-0.302,0.8447,2.53,-0.3054,0.737,2.266
1686720800.608,-0.08374,0.007706,2.213,-0.09094,0.422,2.334,-0.11865,0.8438,2.543,,,,-0.2988,-0.00449,2.217,-0.3267,0.4429,2.404,-0.3035,0.852,2.543,-0.322,0.7305,2.277
1686720800.675,-0.0832,0.007656,2.197,-0.0913,0.4211,2.344,-0.11444,0.833,2.512,,,,-0.3022,-0.00454,2.242,-0.3223,0.4368,2.371,-0.308,0.8647,2.58,-0.328,0.7266,2.266
1686720800.741,-0.0827,0.007607,2.184,-0.0892,0.4233,2.355,-0.11475,0.8354,2.518,,,,-0.298,-0.00448,2.213,-0.329,0.4434,2.422,-0.3027,0.8496,2.535,-0.0,0.0,0.0
1686720800.808,-0.0827,0.007607,2.184,-0.0905,0.42,2.322,-0.11444,0.833,2.512,,,,-0.2976,-0.00447,2.207,-0.3223,0.434,2.371,-0.2996,0.8413,2.512,-0.5366,0.839,2.748
1686720800.875,-0.0813,0.007706,2.213,-0.09033,0.4165,2.318,-0.11444,0.833,2.512,,,,-0.2976,-0.00451,2.227,-0.3203,0.435,2.377,-0.3057,0.8555,2.562,-0.564,0.8257,2.871
1686720800.941,-0.0812,0.00769,2.207,-0.0913,0.4211,2.344,-0.11865,0.8438,2.543,,,,-0.2969,-0.004498,2.223,-0.3218,0.4343,2.389,-0.3013,0.843,2.523,-0.5674,0.832,2.904
1686720801.008,-0.081,0.00767,2.203,-0.0911,0.4204,2.34,-0.11804,0.8394,2.53,,,,-0.2969,-0.004498,2.223,-0.3225,0.4355,2.395,-0.302,0.856,2.555,-0.567,0.8384,2.871
1686720801.075,-0.0812,0.00769,2.207,-0.0911,0.4204,2.34,-0.11804,0.8394,2.53,,,,-0.299,-0.004528,2.236,-0.3203,0.4324,2.377,-0.2969,0.8413,2.512,-0.5244,0.7583,2.568
1686720801.141,-0.0812,0.00769,2.207,-0.08875,0.4187,2.344,-0.11835,0.8413,2.535,,,,-0.2944,-0.00446,2.203,-0.321,0.4336,2.383,-0.302,0.856,2.555,-0.513,0.8027,2.555
1686720801.208,-0.08044,0.007626,2.19,-0.08875,0.416,2.344,-0.11835,0.8413,2.535,,,,-0.2969,-0.004498,2.223,-0.321,0.4336,2.383,-0.3015,0.854,2.549,-0.5195,0.8457,2.602
1686720801.275,-0.083,0.007637,2.193,-0.09174,0.418,2.355,-0.11804,0.8394,2.53,,,,-0.2952,-0.00447,2.207,-0.316,0.429,2.344,-0.2998,0.8496,2.535,-0.519,0.8525,2.613
1686720801.342,-0.0839,0.00772,2.217,-0.09094,0.4143,2.334,-0.1175,0.8354,2.518,,,,-0.3008,-0.00456,2.252,-0.325,0.4412,2.41,-0.2961,0.8394,2.506,-0.5864,0.906,2.904
1686720801.408,-0.0836,0.00769,2.207,-0.09033,0.414,2.318,-0.11835,0.8467,2.535,,,,-0.3008,-0.00452,2.232,-0.3203,0.435,2.377,-0.2983,0.8457,2.523,-0.6104,0.8843,2.896
1686720801.475,-0.0836,0.010124,2.207,-0.0913,0.4187,2.344,-0.11835,0.844,2.535,,,,-0.3035,-0.00456,2.252,-0.3264,0.4434,2.422,-0.2983,0.8457,2.523,-0.619,0.8965,2.938
1686720801.542,-0.0829,0.01003,2.19,-0.0913,0.4187,2.344,-0.11615,0.848,2.549,,,,-0.304,-0.004566,2.256,-0.3225,0.4382,2.395,-0.303,0.8584,2.562,-0.5884,0.8496,2.764
1686720801.608,-0.08655,0.010185,2.223,-0.0913,0.4211,2.344,-0.1153,0.842,2.53,,,,-0.3027,-0.00455,2.246,-0.3215,0.4429,2.404,-0.3008,0.852,2.543,-0.5337,0.8843,2.748
1686720801.675,-0.08636,0.0126,2.217,-0.0911,0.4204,2.34,-0.11334,0.848,2.549,,,,-0.3027,-0.00455,2.246,-0.3223,0.4412,2.41,-0.2998,0.8467,2.535,-0.4756,0.8716,2.629
1686720801.742,-0.08655,0.012634,2.223,-0.092,0.427,2.361,-0.1136,0.8506,2.555,,,,-0.304,-0.004566,2.256,-0.3203,0.435,2.377,-0.3015,0.851,2.549,-0.4592,0.852,2.568
1686720801.809,-0.089,0.012634,2.223,-0.09174,0.4258,2.355,-0.11,0.844,2.535,,,,-0.3088,-0.00464,2.293,-0.3242,0.4402,2.404,-0.2964,0.8394,2.53,-0.4507,0.925,2.535
1686720801.875,-0.089,0.012634,2.223,-0.09216,0.4277,2.365,-0.10944,0.84,2.523,,,,-0.3035,-0.002077,2.252,-0.3225,0.4407,2.395,-0.295,0.8354,2.518,,,
1686720801.942,-0.0894,0.01269,2.232,-0.0896,0.4277,2.365,-0.10645,0.838,2.518,,,,-0.308,-0.002111,2.287,-0.3271,0.447,2.428,-0.2964,0.8364,2.53,,,
1686720802.009,-0.089,0.010185,2.223,-0.08875,0.4238,2.344,-0.1067,0.84,2.523,,,,-0.3076,-0.002106,2.281,-0.3232,0.4417,2.398,-0.3,0.844,2.562,,,
1686720802.076,-0.0894,0.01023,2.232,-0.0858,0.422,2.334,-0.10693,0.842,2.53,,,,-0.3088,-0.002115,2.293,-0.325,0.4438,2.41,-0.2979,0.838,2.543,,,
1686720802.142,-0.0886,0.01014,2.213,-0.0858,0.422,2.334,-0.1075,0.846,2.543,,,,-0.3027,-0.002073,2.246,-0.3257,0.4448,2.416,-0.2993,0.842,2.555,,,
1686720802.209,-0.0896,0.010254,2.236,-0.08655,0.4233,2.355,-0.10693,0.8394,2.53,,,,-0.304,-0.002083,2.256,-0.3218,0.437,2.389,-0.292,0.819,2.492,,,
1686720802.276,-0.0917,0.01021,2.227,-0.08716,0.4236,2.371,-0.10645,0.8325,2.518,,,,-0.304,-0.004566,2.256,-0.325,0.436,2.41,-0.2942,0.833,2.535,,,
1686720802.342,-0.0915,0.010185,2.223,-0.0862,0.416,2.344,-0.1075,0.841,2.543,,,,-0.3062,-0.004597,2.271,-0.3257,0.4368,2.416,-0.296,0.84,2.549,,,
1686720802.409,-0.0947,0.01028,2.242,-0.089,0.4197,2.35,-0.1077,0.843,2.549,,,,-0.3064,-0.004566,2.256,-0.325,0.436,2.41,-0.2986,0.84,2.549,,,
1686720802.476,-0.09436,0.007774,2.232,-0.0892,0.418,2.355,-0.10645,0.8296,2.518,,,,-0.306,-0.00704,2.252,-0.325,0.436,2.41,-0.297,0.833,2.535,,,
1686720802.543,-0.097,0.00779,2.236,-0.0884,0.4143,2.334,-0.10645,0.8296,2.518,,,,-0.3093,-0.00963,2.277,-0.3271,0.439,2.428,-0.297,0.833,2.535,,,
1686720802.61,-0.0985,0.00541,2.271,-0.08856,0.4177,2.34,-0.10693,0.8335,2.53,,,,-0.31,-0.01216,2.281,-0.3237,0.431,2.383,-0.2942,0.8247,2.512,,,
1686720802.676,-0.09656,0.0003974,2.227,-0.08875,0.4187,2.344,-0.1031,0.828,2.506,,,,-0.3135,-0.01991,2.307,-0.3284,0.4368,2.416,-0.2942,0.8247,2.512,,,
1686720802.743,-0.0947,-0.00454,2.242,-0.08875,0.4187,2.344,-0.1047,0.841,2.543,,,,-0.307,-0.02467,2.277,-0.3281,0.4402,2.434,-0.3022,0.8477,2.58,,,
1686720802.809,-0.0956,-0.00707,2.262,-0.08875,0.4187,2.344,-0.1026,0.827,2.492,,,,-0.3076,-0.03001,2.303,-0.3225,0.4329,2.395,-0.2927,0.821,2.498,,,
1686720802.876,-0.09515,-0.009514,2.252,-0.0892,0.4233,2.355,-0.1072,0.8413,2.535,,,,-0.3071,-0.03247,2.297,-0.3257,0.4368,2.416,-0.2964,0.8335,2.53,,,
1686720802.943,-0.0941,-0.00967,2.287,-0.08636,0.4224,2.35,-0.10614,0.836,2.512,,,,-0.3083,-0.03516,2.307,-0.3225,0.4329,2.395,-0.297,0.8384,2.535,,,
1686720803.01,-0.09247,-0.0095,2.246,-0.0862,0.4187,2.344,-0.10693,0.842,2.53,,,,-0.312,-0.03558,2.334,-0.3223,0.4333,2.41,-0.3,0.844,2.562,,,
1686720803.076,-0.09247,-0.0095,2.246,-0.08636,0.4197,2.35,-0.1077,0.848,2.549,,,,-0.3105,-0.0354,2.322,-0.318,0.4312,2.398,-0.2986,0.84,2.549,,,
1686720803.143,-0.0906,-0.00956,2.262,-0.0868,0.4216,2.361,-0.10693,0.842,2.53,,,,-0.3076,-0.03256,2.303,-0.3196,0.436,2.41,-0.2979,0.835,2.543,,,
1686720803.21,-0.0916,-0.00967,2.287,-0.08655,0.4207,2.355,-0.1056,0.8345,2.498,,,,-0.301,-0.02962,2.271,-0.3176,0.4368,2.416,-0.3,0.8413,2.562,,,
1686720803.277,-0.0896,-0.004528,2.236,-0.08655,0.4207,2.355,-0.1067,0.843,2.523,,,,-0.306,-0.025,2.307,-0.3208,0.4438,2.44,-0.2993,0.839,2.555,,,
1686720803.343,-0.0904,-0.002083,2.256,-0.08716,0.4236,2.371,-0.10693,0.842,2.53,,,,-0.3037,-0.02484,2.293,-0.319,0.439,2.428,-0.2993,0.8364,2.555,,,
1686720803.41,-0.08984,-0.00207,2.242,-0.08636,0.4197,2.35,-0.1075,0.846,2.543,,,,-0.3025,-0.02222,2.281,-0.3188,0.4348,2.404,-0.297,0.833,2.535,,,
1686720803.477,-0.0886,0.0003946,2.213,-0.08655,0.4207,2.355,-0.1077,0.851,2.549,,,,-0.3025,-0.0197,2.281,-0.3196,0.436,2.41,-0.2964,0.831,2.53,,,
1686720803.543,-0.0896,0.000399,2.236,-0.08636,0.4172,2.35,-0.1067,0.84,2.523,,,,-0.3066,-0.01743,2.312,-0.3196,0.436,2.41,-0.2979,0.835,2.543,,,
1686720803.61,-0.0888,0.0003955,2.217,-0.0852,0.409,2.318,-0.1041,0.8394,2.53,,,,-0.3018,-0.01464,2.277,-0.318,0.4338,2.398,-0.295,0.824,2.518,,,
1686720803.677,-0.08923,0.00285,2.227,-0.08636,0.4146,2.35,-0.1039,0.8374,2.523,,,,-0.296,-0.011894,2.232,-0.318,0.4338,2.398,-0.3008,0.8403,2.568,,,
1686720803.743,-0.089,0.00529,2.223,-0.0858,0.4119,2.334,-0.1039,0.84,2.523,,,,-0.2983,-0.00704,2.252,-0.3174,0.4329,2.395,-0.3008,0.8433,2.568,,,
1686720803.81,-0.09045,0.005234,2.197,-0.0856,0.4106,2.328,-0.10547,0.8525,2.562,,,,-0.297,-0.00454,2.242,-0.316,0.431,2.383,-0.2957,0.829,2.523,,,
1686720803.877,-0.09125,0.00528,2.217,-0.086,0.4126,2.34,-0.10364,0.838,2.518,,,,-0.3008,-0.00456,2.252,-0.3206,0.4338,2.398,-0.295,0.827,2.518,,,
1686720803.944,-0.09125,0.00528,2.217,-0.086,0.4153,2.34,-0.1044,0.844,2.535,,,,-0.3003,-0.00455,2.246,-0.3186,0.436,2.383,-0.2957,0.826,2.523,,,
1686720804.011,-0.0903,0.005222,2.193,-0.08636,0.4197,2.35,-0.10364,0.838,2.518,,,,-0.3027,-0.00455,2.246,-0.325,0.4438,2.41,-0.2993,0.839,2.555,,,
1686720804.077,-0.0909,0.005257,2.207,-0.0862,0.4211,2.344,-0.1044,0.8413,2.535,,,,-0.3027,-0.00455,2.246,-0.3257,0.4475,2.416,-0.2979,0.835,2.543,,,
1686720804.144,-0.0941,0.005302,2.227,-0.0858,0.4194,2.334,-0.1056,0.826,2.498,,,,-0.3027,-0.00455,2.246,-0.3267,0.4456,2.404,-0.2935,0.8228,2.506,,,
1686720804.21,-0.0929,0.005234,2.197,-0.08655,0.4258,2.355,-0.11,0.8384,2.535,,,,-0.3027,-0.00455,2.246,-0.3257,0.4377,2.377,-0.2993,0.839,2.555,,,
1686720804.277,-0.0931,0.00282,2.203,-0.0858,0.422,2.334,-0.10974,0.8364,2.53,,,,-0.3008,-0.00452,2.232,-0.324,0.4355,2.365,-0.295,0.827,2.518,,,
1686720804.344,-0.0929,0.005234,2.197,-0.08813,0.426,2.328,-0.1089,0.83,2.512,,,,-0.306,-0.00456,2.252,-0.3225,0.4336,2.355,-0.2927,0.821,2.498,,,
1686720804.41,-0.0931,0.005245,2.203,-0.0896,0.4355,2.365,-0.10944,0.8345,2.523,,,,-0.304,-0.004528,2.236,-0.3286,0.4443,2.398,-0.2979,0.838,2.543,,,
1686720804.477,-0.0933,0.005257,2.207,-0.08936,0.4348,2.361,-0.1092,0.8325,2.518,,,,-0.3079,-0.00459,2.266,-0.3276,0.4465,2.41,-0.297,0.8354,2.535,,,
1686720804.544,-0.0931,0.00282,2.203,-0.0884,0.4272,2.334,-0.1081,0.824,2.492,,,,-0.306,-0.00456,2.252,-0.323,0.4402,2.377,-0.295,0.8296,2.518,,,
1686720804.611,-0.0931,0.00282,2.203,-0.08856,0.428,2.34,-0.10614,0.83,2.512,,,,-0.3032,-0.00452,2.232,-0.3245,0.437,2.389,-0.295,0.819,2.518,,,
1686720804.677,-0.0935,0.00283,2.213,-0.09155,0.4275,2.35,-0.10614,0.83,2.512,,,,-0.3079,-0.00459,2.266,-0.329,0.4434,2.422,-0.3,0.833,2.562,,,
1686720804.744,-0.0937,0.002838,2.217,-0.092,0.4294,2.361,-0.1103,0.841,2.543,,,,-0.306,-0.00456,2.252,-0.3276,0.4412,2.41,-0.2935,0.8145,2.506,,,
1686720804.811,-0.0929,0.002813,2.197,-0.09174,0.4285,2.355,-0.1067,0.8345,2.523,,,,-0.306,-0.00456,2.252,-0.3276,0.4412,2.41,-0.295,0.819,2.518,,,
1686720804.878,-0.0937,0.002838,2.217,-0.09174,0.4285,2.355,-0.10693,0.8394,2.53,,,,-0.3071,-0.004578,2.262,-0.3208,0.4321,2.361,-0.2913,0.8115,2.486,,,
1686720804.944,-0.0903,0.002808,2.193,-0.09174,0.4285,2.355,-0.1059,0.831,2.506,,,,-0.3062,-0.004597,2.271,-0.3237,0.4336,2.383,-0.2986,0.837,2.549,,,
1686720805.011,-0.0907,0.005245,2.203,-0.0924,0.4314,2.371,-0.1051,0.825,2.486,,,,-0.3022,-0.00454,2.242,-0.323,0.4324,2.377,-0.2927,0.821,2.498,,,
1686720805.078,-0.09125,0.00528,2.217,-0.09174,0.4285,2.355,-0.1059,0.831,2.506,,,,-0.308,-0.00463,2.287,-0.3215,0.4304,2.365,-0.2957,0.829,2.523,,,
1686720805.144,-0.09186,0.005314,2.232,-0.09094,0.4246,2.334,-0.1072,0.8413,2.535,,,,-0.3062,-0.004597,2.271,-0.3237,0.4336,2.383,-0.297,0.833,2.535,,,
1686720805.211,-0.0921,0.005325,2.236,-0.092,0.4294,2.361,-0.10693,0.8394,2.53,,,,-0.3047,-0.004578,2.262,-0.326,0.439,2.398,-0.2993,0.8447,2.555,,,
1686720805.278,-0.0878,0.005222,2.193,-0.0892,0.4336,2.355,-0.1067,0.8374,2.523,,,,-0.3054,-0.00459,2.266,-0.3284,0.4421,2.416,-0.2964,0.8364,2.53,,,
1686720805.345,-0.08844,0.005257,2.207,-0.089,0.4326,2.35,-0.10693,0.8394,2.53,,,,-0.3035,-0.00456,2.252,-0.326,0.439,2.398,-0.3,0.847,2.562,,,
1686720805.411,-0.086,0.005257,2.207,-0.08655,0.4336,2.355,-0.10645,0.838,2.518,,,,-0.3062,-0.004597,2.271,-0.3264,0.4487,2.422,-0.2979,0.841,2.543,,,
1686720805.478,-0.08655,0.00529,2.223,-0.08734,0.4377,2.377,-0.10645,0.8354,2.518,,,,-0.303,-0.00459,2.266,-0.3232,0.447,2.398,-0.2986,0.8457,2.549,,,
1686720805.545,-0.086,0.005257,2.207,-0.086,0.4333,2.34,-0.1075,0.846,2.543,,,,-0.305,-0.002106,2.281,-0.325,0.4492,2.41,-0.2986,0.8457,2.549,,,
1686720805.612,-0.08655,0.00529,2.223,-0.0876,0.444,2.383,-0.1059,0.8335,2.506,,,,-0.305,-0.002106,2.281,-0.3245,0.455,2.428,-0.297,0.8413,2.535,,,
1686720805.678,-0.0847,0.005325,2.236,-0.08417,0.4373,2.361,-0.10693,0.842,2.53,,,,-0.3083,-0.002129,2.307,-0.3167,0.4475,2.389,-0.2993,0.8477,2.555,,,
1686720805.745,-0.08185,0.005302,2.227,-0.08136,0.4258,2.355,-0.1067,0.84,2.523,,,,-0.3003,-0.002092,2.266,-0.321,0.4539,2.422,-0.3018,0.857,2.574,,,
1686720805.812,-0.08044,0.002888,2.256,-0.0812,0.4197,2.35,-0.1056,0.8374,2.498,,,,-0.302,-0.00718,2.297,-0.317,0.452,2.41,-0.297,0.844,2.535,,,
1686720805.845,-0.04617,0.0004072,2.281,-0.06335,0.4165,2.361,-0.10614,0.8413,2.512,,,,-0.266,-0.01447,2.252,-0.3115,0.436,2.41,-0.297,0.844,2.535,,,
1686720806.212,-0.02603,0.002914,2.277,-0.0453,0.4175,2.365,-0.10614,0.8413,2.512,,,,-0.252,-0.0148,2.303,-0.3008,0.4238,2.389,-0.2886,0.8247,2.512,,,
1686720806.545,-0.02325,0.01776,2.252,-0.04016,0.442,2.371,-0.0996,0.8306,2.486,,,,-0.2422,-0.01467,2.281,-0.2761,0.395,2.213,-0.26,0.7773,2.475,,,
1686720806.612,-0.01833,0.02028,2.256,-0.03503,0.4429,2.377,-0.0921,0.8394,2.506,,,,-0.2412,-0.01477,2.297,-0.2751,0.3887,2.203,-0.24,0.704,2.41,,,
1686720806.679,-0.01851,0.02048,2.277,-0.03485,0.446,2.365,-0.0861,0.838,2.492,,,,-0.2367,-0.01464,2.277,-0.2705,0.3726,2.166,-0.2272,0.6895,2.389,,,
1686720806.879,-0.01123,0.00811,2.328,-0.0331,0.455,2.428,-0.0838,0.8477,2.506,,,,-0.2216,-0.0368,2.252,-0.2761,0.296,2.031,-0.2185,0.6104,2.297,,,
1686720807.046,-0.00843,0.0004044,2.266,-0.02748,0.448,2.404,-0.0834,0.8516,2.492,,,,-0.2157,-0.04404,2.242,-0.3022,0.286,2.09,-0.2185,0.586,2.271,,,
1686720807.479,-0.005978,0.0004072,2.281,-0.03014,0.448,2.404,-0.0787,0.8574,2.518,,,,-0.2137,-0.04416,2.246,-0.2964,0.2734,2.049,-0.2184,0.6035,2.35,,,
1686720807.513,-0.005966,-0.002102,2.277,-0.0245,0.434,2.371,-0.0761,0.865,2.523,,,,-0.2118,-0.04376,2.227,-0.303,0.2756,2.049,-0.2174,0.5786,2.312,,,
1686720807.58,-0.00848,-0.002102,2.277,-0.02718,0.435,2.377,-0.0755,0.8584,2.506,,,,-0.2133,-0.0465,2.242,-0.3118,0.2751,2.06,-0.2219,0.5645,2.307,,,
1686720807.647,-0.00848,-0.002102,2.277,-0.02742,0.439,2.398,-0.0761,0.865,2.523,,,,-0.213,-0.0495,2.266,-0.3242,0.2656,2.04,-0.229,0.5435,2.252,,,
1686720807.913,-0.008415,-0.002087,2.262,-0.0273,0.437,2.389,-0.08167,0.865,2.523,,,,-0.2195,-0.05295,2.307,-0.44,0.22,2.121,-0.297,0.557,2.318,,,
1686720807.98,-0.005863,-0.002066,2.236,-0.02704,0.4304,2.365,-0.0815,0.863,2.518,,,,-0.2166,-0.05728,2.277,-0.4644,0.1896,2.146,-0.325,0.565,2.371,,,
1686720808.147,-0.00843,0.002901,2.266,-0.02711,0.442,2.371,-0.08484,0.869,2.535,,,,-0.2175,-0.05753,2.287,-0.513,0.1581,2.236,-0.3604,0.529,2.398,,,
1686720808.214,-0.00827,0.00529,2.223,-0.03262,0.4646,2.395,-0.0834,0.8574,2.492,,,,-0.218,-0.05765,2.293,-0.518,0.1489,2.246,-0.3826,0.531,2.457,,,
1686720808.58,-0.00857,0.00548,2.303,-0.04025,0.4585,2.377,-0.084,0.8633,2.512,,,,-0.2216,-0.05792,2.303,-0.5186,0.1555,2.271,-0.3887,0.5474,2.445,,,
1686720808.747,-0.00839,0.00537,2.256,-0.04288,0.4585,2.377,-0.084,0.861,2.512,,,,-0.2211,-0.05777,2.297,-0.527,0.1613,2.318,-0.394,0.558,2.445,,,
1686720809.114,-0.01083,0.005352,2.246,-0.0435,0.4624,2.41,-0.0836,0.8564,2.498,,,,-0.2216,-0.05792,2.303,-0.5303,0.1667,2.322,-0.4248,0.554,2.404,,,
1686720809.181,-0.01081,0.00534,2.242,-0.04327,0.4602,2.398,-0.084,0.861,2.512,,,,-0.2201,-0.05753,2.287,-0.52,0.1635,2.277,-0.428,0.5566,2.395,,,
1686720809.414,-0.01083,0.005352,2.246,-0.0453,0.4539,2.365,-0.0842,0.863,2.518,,,,-0.2211,-0.05777,2.297,-0.5244,0.1674,2.297,-0.4338,0.5635,2.41,,,
1686720809.881,-0.01081,0.00534,2.242,-0.0481,0.456,2.377,-0.0842,0.863,2.518,,,,-0.2225,-0.0582,2.312,-0.505,0.1626,2.232,-0.4143,0.566,2.422,,,
1686720809.948,-0.01319,0.00285,2.227,-0.0481,0.4482,2.377,-0.0809,0.848,2.498,,,,-0.2216,-0.06046,2.303,-0.5034,0.1613,2.246,-0.4043,0.565,2.395,,,
1686720810.448,-0.013336,0.0004017,2.252,-0.04788,0.4434,2.365,-0.0823,0.8633,2.543,,,,-0.2219,-0.06058,2.307,-0.509,0.1638,2.281,-0.3918,0.562,2.35,,,
1686720810.715,-0.0134,-0.002087,2.262,-0.04788,0.4382,2.365,-0.07904,0.8613,2.53,,,,-0.2211,-0.0603,2.297,-0.509,0.1714,2.281,-0.392,0.591,2.383,,,
1686720810.782,-0.01349,-0.00461,2.277,-0.04767,0.4336,2.355,-0.07947,0.866,2.543,,,,-0.2216,-0.06046,2.303,-0.516,0.1953,2.328,-0.3728,0.5947,2.377,,,
1686720810.815,-0.0134,-0.00707,2.262,-0.05063,0.4395,2.371,-0.0785,0.8525,2.512,,,,-0.2216,-0.06046,2.303,-0.4949,0.197,2.232,-0.358,0.596,2.383,,,
1686720810.915,-0.0158,-0.007023,2.246,-0.05298,0.4373,2.361,-0.0785,0.855,2.512,,,,-0.2216,-0.06046,2.303,-0.4983,0.2034,2.246,-0.3586,0.5977,2.389,,,
1686720811.215,-0.02081,-0.004566,2.256,-0.05518,0.4316,2.344,-0.0855,0.843,2.475,,,,-0.2291,-0.04523,2.303,-0.428,0.404,2.654,-0.3386,0.7554,2.492,,,
1686720811.649,-0.02809,-0.00454,2.242,-0.05557,0.4504,2.361,-0.08887,0.8516,2.492,,,,-0.248,-0.02762,2.312,-0.2944,0.4556,2.445,-0.302,0.873,2.555,,,
1686720812.116,-0.0647,-0.00696,2.227,-0.0686,0.4478,2.361,-0.09576,0.8613,2.53,,,,-0.283,-0.01723,2.287,-0.3042,0.4607,2.416,-0.2908,0.8584,2.506,,,
1686720812.45,-0.09106,-0.006916,2.213,-0.0797,0.452,2.383,-0.0983,0.8677,2.523,,,,-0.3015,-0.00946,2.236,-0.3098,0.4507,2.377,-0.2913,0.858,2.486,,,
1686720812.516,-0.0907,-0.006886,2.203,-0.07916,0.4487,2.365,-0.0976,0.8643,2.506,,,,-0.3022,-0.00207,2.242,-0.3113,0.4556,2.389,-0.2886,0.8633,2.486,,,
1686720812.583,-0.0961,-0.00693,2.217,-0.07935,0.4473,2.371,-0.0951,0.866,2.512,,,,-0.3057,-0.006977,2.232,-0.3113,0.4502,2.389,-0.2957,0.879,2.523,,,
1686720812.783,-0.09534,-0.004566,2.256,0.02081,0.6265,3.361,-0.001119,0.911,2.676,,,,-0.2917,0.02048,2.277,-0.2778,0.4578,2.371,-0.2803,0.8633,2.486,,,
1686720813.117,-0.08203,-0.00206,2.232,0.0453,0.4348,2.334,0.04352,0.8096,2.377,,,,-0.2568,0.02696,2.193,-0.2556,0.459,2.312,-0.284,0.8857,2.543,,,
1686720813.384,0.01073,0.02591,2.107,0.1296,0.446,2.422,0.1327,0.7812,2.428,,,,-0.1614,0.04904,2.207,-0.1971,0.4717,2.312,-0.2832,0.883,2.512,,,
1686720813.45,0.0192,0.0533,2.287,0.1284,0.4417,2.398,0.1494,0.788,2.44,,,,-0.1279,0.06143,2.217,-0.1769,0.4653,2.281,-0.2837,0.887,2.492,,,
